{
  "node_task_001": {
    "status": "completed",
    "execution_time": 3.1321682929992676,
    "api_calls": 1,
    "tool_calls": 0,
    "resource_usage": {
      "llm": 9.396504878997803,
      "cpu": 9.396504878997803
    },
    "error": null
  },
  "node_task_002": {
    "status": "completed",
    "execution_time": 8.884957790374756,
    "api_calls": 1,
    "tool_calls": 0,
    "resource_usage": {
      "llm": 17.76991558074951,
      "cpu": 13.327436685562134
    },
    "error": null
  },
  "node_task_003": {
    "status": "completed",
    "execution_time": 4.406244993209839,
    "api_calls": 1,
    "tool_calls": 0,
    "resource_usage": {
      "llm": 13.218734979629517,
      "cpu": 13.218734979629517
    },
    "error": null
  },
  "node_task_004": {
    "status": "completed",
    "execution_time": 4.556107044219971,
    "api_calls": 1,
    "tool_calls": 0,
    "resource_usage": {
      "llm": 13.668321132659912,
      "cpu": 13.668321132659912,
      "memory": 27.336642265319824
    },
    "error": null
  },
  "node_task_005": {
    "status": "completed",
    "execution_time": 14.767356872558594,
    "api_calls": 1,
    "tool_calls": 0,
    "resource_usage": {
      "llm": 29.534713745117188,
      "cpu": 22.15103530883789
    },
    "error": null
  },
  "node_task_006": {
    "status": "completed",
    "execution_time": 14.68307113647461,
    "api_calls": 1,
    "tool_calls": 0,
    "resource_usage": {
      "llm": 29.36614227294922,
      "cpu": 22.024606704711914
    },
    "error": null
  },
  "node_task_007": {
    "status": "completed",
    "execution_time": 4.619793891906738,
    "api_calls": 1,
    "tool_calls": 0,
    "resource_usage": {
      "llm": 13.859381675720215,
      "cpu": 13.859381675720215
    },
    "error": null
  },
  "node_task_008": {
    "status": "completed",
    "execution_time": 4.7795257568359375,
    "api_calls": 1,
    "tool_calls": 0,
    "resource_usage": {
      "llm": 14.338577270507812,
      "cpu": 14.338577270507812
    },
    "error": null
  },
  "node_task_009": {
    "status": "completed",
    "execution_time": 3.9693849086761475,
    "api_calls": 1,
    "tool_calls": 0,
    "resource_usage": {
      "llm": 11.908154726028442,
      "cpu": 11.908154726028442
    },
    "error": null
  },
  "node_task_010": {
    "status": "completed",
    "execution_time": 4.701610088348389,
    "api_calls": 1,
    "tool_calls": 0,
    "resource_usage": {
      "llm": 14.104830265045166,
      "cpu": 14.104830265045166
    },
    "error": null
  }
}